Index,Variant,"Region, subregion, country or area *",ISO3 Alpha-code,Type,Year,GDP_per_capita,Total Population (millions),Male Population (millions),Female Population (millions),Population Density,Population Sex Ratio,Median Age,Natural Change (millions),Rate of Natural Change,Population Change (millions),Population Growth Rate,Population Doubling Time,Births (thousands),Births by women aged 15 to 19 (thousands),"Crude Birth Rate (births per 1,000 population)",Total Fertility Rate (live births per woman),Net Reproduction Rate (surviving daughters per woman),Mean Age Childbearing (years),Sex Ratio at Birth (males per 100 female births),Total Deaths (thousands),Male Deaths (thousands),Female Deaths (thousands),"Crude Death Rate (deaths per 1,000 population)","Life Expectancy at Birth, both sexes (years)",Male Life Expectancy at Birth (years),Female Life Expectancy at Birth (years),"Life Expectancy at Age 15, both sexes (years)",Male Life Expectancy at Age 15 (years),Female Life Expectancy at Age 15 (years),"Life Expectancy at Age 65, both sexes (years)",Male Life Expectancy at Age 65 (years),Female Life Expectancy at Age 65 (years),"Life Expectancy at Age 80, both sexes (years)",Male Life Expectancy at Age 80 (years),Female Life Expectancy at Age 80 (years),"Infant Deaths, under age 1 (thousands)","Infant Mortality Rate (infant deaths per 1,000 live births)",Live Births Surviving to Age 1 (thousands),"Under-Five Deaths, under age 5 (thousands)","Under-Five Mortality (deaths under age 5 per 1,000 live births)","Mortality before Age 40, both sexes (deaths under age 40 per 1,000 live births)","Male Mortality before Age 40 (deaths under age 40 per 1,000 male live births)","Female Mortality before Age 40 (deaths under age 40 per 1,000 female live births)","Mortality before Age 60, both sexes (deaths under age 60 per 1,000 live births)","Male Mortality before Age 60 (deaths under age 60 per 1,000 male live births)","Female Mortality before Age 60 (deaths under age 60 per 1,000 female live births)","Mortality between Age 15 and 50, both sexes (deaths under age 50 per 1,000 alive at age 15)","Male Mortality between Age 15 and 50 (deaths under age 50 per 1,000 males alive at age 15)","Female Mortality between Age 15 and 50 (deaths under age 50 per 1,000 females alive at age 15)","Mortality between Age 15 and 60, both sexes (deaths under age 60 per 1,000 alive at age 15)","Male Mortality between Age 15 and 60 (deaths under age 60 per 1,000 males alive at age 15)","Female Mortality between Age 15 and 60 (deaths under age 60 per 1,000 females alive at age 15)",Net Number of Migrants (thousands),"Net Migration Rate (per 1,000 population)"
21,Estimates,WORLD,0,World,1970,0.0,3695.390336,1849.178862,1846.211474,28.338,100.161,20.32,75.583057,20.451,75.582558,2.045,33.895,124117.185,15283.482,33.583,4.828,1.871,28.714,105.5,48534.128,25451.362,23082.766,13.132,56.112,54.172,58.074,52.325,50.23,54.428,12.956,11.699,14.024,5.888,5.365,6.223,12176.5,98.547,115495.83,17995.755,147.36,248.823,258.059,239.264,398.03,431.238,364.501,157.768,175.25,139.918,272.874,310.326,235.338,0,0
22,Estimates,WORLD,0,World,1971,0.0,3770.1630920000002,1886.958546,1883.2045460000002,28.912,100.199,20.332,73.963464,19.619,73.962954,1.962,35.329,123647.417,15668.857,32.797,4.682,1.817,28.629,105.5,49683.953,26355.96,23327.993,13.178,55.892,53.64,58.222,52.008,49.529,54.56,12.991,11.7,14.092,5.918,5.37,6.269,12101.104,97.708,115101.952,18022.37,146.701,253.37,268.406,237.656,403.772,443.625,362.63,165.113,190.879,138.294,280.375,325.92,233.612,0,0
23,Estimates,WORLD,0,World,1972,0.0,3844.8008849999997,1924.8158389999999,1919.985046,29.484,100.252,20.379,75.31322999999999,19.589,75.312632,1.959,35.383,123275.037,15789.657,32.064,4.547,1.784,28.593,105.5,47961.807,25156.942,22804.865,12.475,57.123,55.134,59.127,52.909,50.767,55.054,13.204,11.916,14.293,6.009,5.453,6.361,11721.442,95.02,114965.636,17299.091,140.763,237.462,246.934,227.692,383.459,416.658,349.872,150.481,168.15,132.324,262.501,299.647,225.141,0,0
24,Estimates,WORLD,0,World,1973,0.0,3920.2515040000003,1963.205826,1957.0456769999998,30.063,100.315,20.457,75.58911599999999,19.282,75.588605,1.928,35.952,123269.476,15983.09,31.445,4.421,1.744,28.512,105.5,47680.36,25003.265,22677.095,12.163,57.633,55.633,59.644,53.232,51.084,55.38,13.322,12.018,14.424,6.029,5.459,6.389,11511.979,93.36,115082.372,16954.591,137.765,231.871,241.222,222.234,375.675,408.46,342.474,146.439,163.733,128.597,256.443,292.955,219.667,0,0
25,Estimates,WORLD,0,World,1974,0.0,3995.517077,2001.4787549999999,1994.0383219999999,30.64,100.373,20.562,74.943073,18.757,74.942542,1.876,36.948,122436.994,16126.424,30.645,4.265,1.69,28.415,105.5,47493.921,24934.754,22559.167,11.888,58.042,56.01,60.088,53.507,51.327,55.687,13.468,12.132,14.596,6.117,5.522,6.49,11289.039,91.99,114408.98,16629.735,135.487,227.777,237.149,218.11,369.908,402.739,336.573,143.576,160.77,125.762,251.986,288.414,215.198,0,0
26,Estimates,WORLD,0,World,1975,0.0,4069.4372310000003,2038.9524210000002,2030.4848089999998,31.207,100.417,20.692,72.89824300000001,17.916,72.89776499999999,1.791,38.702,120491.005,16016.213,29.613,4.084,1.624,28.373,105.6,47592.762,25075.383,22517.379,11.697,58.275,56.15,60.429,53.603,51.329,55.892,13.552,12.191,14.701,6.165,5.543,6.554,10978.248,90.734,112689.885,16219.939,133.471,225.734,236.429,214.648,366.982,401.229,331.936,143.276,162.023,123.722,250.537,288.411,212.002,0,0
27,Estimates,WORLD,0,World,1976,0.0,4142.505882,2075.81686,2066.689022,31.767,100.442,20.84,73.240167,17.681,73.23953900000001,1.768,39.205,120647.815,16056.132,29.125,3.977,1.589,28.306,105.6,47407.648,24939.127,22468.521,11.444,58.711,56.613,60.829,53.837,51.623,56.054,13.652,12.278,14.812,6.198,5.565,6.592,10698.926,88.722,112999.395,15734.227,130.07,220.991,230.765,210.863,360.594,393.736,326.733,140.547,157.626,122.734,246.106,282.304,209.376,0,0
28,Estimates,WORLD,0,World,1977,0.0,4215.77249,2112.756766,2103.0157230000004,32.329,100.463,21.007,73.294319,17.387,73.29367500000001,1.739,39.859,120040.242,15763.595,28.476,3.852,1.55,28.25,105.6,46745.923,24652.766,22093.157,11.089,59.365,57.202,61.553,54.272,51.991,56.559,13.819,12.405,15.012,6.318,5.648,6.734,10444.78,86.878,112581.51,15291.863,126.951,213.307,223.229,203.017,350.586,384.599,315.758,134.641,152.124,116.376,238.226,275.259,200.567,0,0
29,Estimates,WORLD,0,World,1978,0.0,4289.657708,2149.991443,2139.6662650000003,32.895,100.483,21.177,74.477154,17.361,74.47676200000001,1.736,39.928,121337.099,15833.293,28.284,3.79,1.534,28.187,105.6,46859.945,24773.353,22086.592,10.923,59.74,57.51,62.007,54.438,52.083,56.812,13.862,12.427,15.074,6.327,5.637,6.755,10279.201,84.949,113957.669,14988.035,124.092,208.623,219.206,197.628,344.768,380.058,308.48,132.114,150.66,112.7,234.533,272.949,195.289,0,0
30,Estimates,WORLD,0,World,1979,0.0,4365.5828710000005,2188.1758569999997,2177.407013,33.478,100.495,21.345,77.37406200000001,17.72,77.373564,1.772,39.117,124287.659,16330.754,28.465,3.776,1.537,28.091,105.7,46913.597,24834.335,22079.262,10.745,60.204,57.929,62.52,54.669,52.269,57.092,13.951,12.499,15.177,6.385,5.673,6.827,10204.809,82.591,116926.612,14771.373,120.672,203.192,214.013,191.937,338.124,374.107,301.004,129.082,148.101,109.165,230.307,269.388,190.249,0,0
31,Estimates,WORLD,0,World,1980,0.0,4444.007706,2227.8031340000002,2216.204572,34.079,100.523,21.505,79.476609,17.881,79.47610499999999,1.788,38.767,126793.222,16689.962,28.527,3.75,1.534,28.021,105.7,47316.613,25072.784,22243.829,10.646,60.552,58.238,62.916,54.789,52.354,57.258,13.94,12.482,15.173,6.351,5.629,6.8,10147.477,80.444,119466.337,14615.233,117.456,198.44,209.645,186.777,332.691,369.48,294.6,126.712,146.303,106.194,227.227,267.062,186.244,0,0
32,Estimates,WORLD,0,World,1981,0.0,4524.627657999999,2268.6418169999997,2255.985841,34.697,100.561,21.642,81.764355,18.069,81.763801,1.807,38.359,129152.54,17275.997,28.541,3.716,1.528,27.92,105.8,47388.185,25151.86,22236.325,10.472,60.992,58.629,63.408,55.012,52.525,57.538,14.039,12.565,15.284,6.41,5.665,6.871,10069.184,78.337,121868.397,14453.015,114.173,193.837,205.521,181.665,326.631,363.996,287.805,124.255,144.512,103.027,223.471,263.875,181.734,0,0
33,Estimates,WORLD,0,World,1982,0.0,4607.984871000001,2310.661658,2297.323212,35.336,100.581,21.741,84.95110000000001,18.432,84.95062300000001,1.844,37.589,132513.06,17929.258,28.752,3.713,1.534,27.847,105.8,47561.96,25273.064,22288.896,10.32,61.416,59.019,63.872,55.222,52.701,57.784,14.127,12.64,15.384,6.487,5.715,6.963,10026.248,76.108,125232.474,14354.534,110.894,189.314,201.297,176.822,320.799,358.399,281.599,121.876,142.445,100.317,219.934,260.47,177.907,0,0
34,Estimates,WORLD,0,World,1983,0.0,4691.884238,2352.811898,2339.0723399999997,35.98,100.587,21.826,82.848746,17.66,82.848112,1.766,39.25,130982.626,18048.395,27.92,3.578,1.481,27.813,105.8,48133.88,25568.084,22565.796,10.26,61.565,59.158,64.033,55.33,52.8,57.907,14.125,12.635,15.388,6.465,5.684,6.947,9931.527,75.707,123830.493,14312.747,110.113,187.519,199.544,174.991,318.161,355.78,278.822,120.025,140.673,98.396,217.614,258.157,175.441,0,0
35,Estimates,WORLD,0,World,1984,0.0,4775.836074,2394.9486690000003,2380.887405,36.624,100.591,21.916,85.055745,17.807,85.05556,1.781,38.919,133397.031,18231.84,27.928,3.552,1.475,27.761,105.9,48341.286,25685.341,22655.945,10.121,61.907,59.484,64.39,55.513,52.966,58.106,14.218,12.721,15.485,6.535,5.734,7.029,9850.247,74.148,126248.886,14188.299,107.704,184.086,196.218,171.451,313.72,351.289,274.32,118.249,139.022,96.5,214.913,255.349,172.716,0,0
36,Estimates,WORLD,0,World,1985,0.0,4861.730613,2438.068618,2423.661995,37.282,100.594,22.04,86.73408,17.838,86.73351799999999,1.784,38.854,135419.518,18351.334,27.851,3.515,1.464,27.699,106,48685.438,25816.261,22869.177,10.013,62.236,59.837,64.689,55.67,53.151,58.229,14.249,12.758,15.509,6.522,5.72,7.015,9771.398,72.392,128316.076,14049.802,105.176,180.341,192.186,168.015,308.71,345.497,270.087,116.048,136.303,94.861,211.69,251.187,170.412,0,0
37,Estimates,WORLD,0,World,1986,0.0,4950.063338999999,2482.642236,2467.421104,37.96,100.617,22.224,89.93251,18.164,89.931935,1.817,38.148,138419.612,18484.625,27.958,3.505,1.466,27.644,106.1,48487.102,25706.956,22780.146,9.794,62.767,60.367,65.214,55.986,53.468,58.537,14.417,12.905,15.693,6.631,5.805,7.138,9693.544,70.369,131338.816,13871.495,102.021,175.452,187.036,163.406,301.442,337.403,263.675,113.091,132.778,92.522,206.735,245.22,166.494,0,0
38,Estimates,WORLD,0,World,1987,0.0,5040.984495,2528.7681460000003,2512.21635,38.657,100.659,22.417,91.910865,18.23,91.910376,1.823,38.022,140544.952,18135.443,27.877,3.48,1.46,27.649,106.3,48634.087,25821.491,22812.596,9.647,63.158,60.728,65.639,56.149,53.607,58.726,14.533,13.001,15.826,6.71,5.86,7.231,9568.234,68.285,133547.073,13649.801,98.803,171.729,183.491,159.488,296.867,332.907,258.958,112.003,131.766,91.352,204.773,243.181,164.551,0,0
39,Estimates,WORLD,0,World,1988,0.0,5132.293974,2575.089263,2557.2047110000003,39.357,100.699,22.604,90.7092,17.675,90.70858100000001,1.767,39.227,139993.375,18418.941,27.278,3.391,1.424,27.604,106.4,49284.175,26188.368,23095.807,9.603,63.281,60.828,65.79,56.232,53.666,58.841,14.579,13.041,15.879,6.72,5.86,7.247,9496.449,67.792,133070.29,13636.863,98.191,170.79,182.813,158.268,295.165,331.537,256.855,111.247,131.403,90.173,203.476,242.248,162.817,0,0
40,Estimates,WORLD,0,World,1989,0.0,5223.704308,2621.5459619999997,2602.1583450000003,40.058,100.745,22.783,92.112488,17.632,92.112088,1.763,39.316,141176.68,18650.568,27.024,3.346,1.411,27.539,106.6,49064.192,26053.801,23010.391,9.392,63.792,61.353,66.284,56.486,53.947,59.061,14.691,13.143,15.997,6.78,5.907,7.315,9281.576,65.888,134372.581,13254.08,94.717,165.156,176.499,153.344,288.295,324.005,250.738,108.293,127.467,88.275,199.475,237.305,159.874,0,0
41,Estimates,WORLD,0,World,1990,0.0,5316.175862,2668.6051009999996,2647.5707599999996,40.767,100.794,22.96,92.831317,17.461,92.83102000000001,1.746,39.699,142451.012,18640.733,26.794,3.308,1.397,27.475,106.8,49619.695,26364.694,23255.001,9.333,63.988,61.533,66.501,56.541,53.991,59.134,14.732,13.19,16.034,6.796,5.924,7.33,9182.33,64.58,135708.938,13107.723,92.829,163.128,174.692,151.074,285.926,321.974,247.981,107.945,127.45,87.572,198.702,236.817,158.773,0,0
42,Estimates,WORLD,0,World,1991,0.0,5406.245867,2714.450362,2691.795505,41.458,100.842,23.144,87.30954,16.155,87.30899099999999,1.615,42.919,137391.599,18804.638,25.421,3.127,1.321,27.343,106.8,50082.059,26526.627,23555.432,9.266,64.058,61.659,66.509,56.614,54.121,59.142,14.778,13.264,16.055,6.822,5.958,7.35,8929.694,64.597,130899.38,12860.984,92.634,162.705,173.662,151.292,285.004,320.123,248.105,107.366,126.156,87.764,197.727,234.859,158.897,0,0
43,Estimates,WORLD,0,World,1992,0.0,5492.686093,2758.361747,2734.324345,42.121,100.879,23.353,85.572037,15.581,85.571459,1.558,44.49,135753.655,18546.8,24.718,3.041,1.288,27.312,106.9,50181.618,26662.23,23519.388,9.137,64.303,61.854,66.813,56.738,54.189,59.334,14.884,13.352,16.18,6.896,6.015,7.435,8679.204,63.828,129420.034,12504.714,91.178,160.742,172.057,148.942,282.272,318.197,244.465,106.871,126.437,86.443,196.427,234.456,156.589,0,0
44,Estimates,WORLD,0,World,1993,0.0,5577.433523,2801.260615,2776.172908,42.771,100.904,23.575,83.923795,15.048,83.923402,1.505,46.056,134692.831,18393.028,24.151,2.976,1.262,27.304,107.1,50769.036,27006.766,23762.27,9.103,64.437,61.963,66.985,56.719,54.144,59.354,14.86,13.334,16.159,6.852,5.985,7.383,8444.33,62.642,128521.274,12137.743,89.364,158.675,170.171,146.68,280.559,317.379,241.773,106.944,127.133,85.867,196.465,235.443,155.596,0,0
45,Estimates,WORLD,0,World,1994,0.0,5660.7279929999995,2843.43427,2817.293723,43.409,100.928,23.81,82.6661,14.604,82.665538,1.46,47.476,134185.338,18275.52,23.706,2.926,1.241,27.27,107.2,51519.238,27394,24125.238,9.102,64.459,61.997,66.996,56.617,54.046,59.251,14.92,13.417,16.202,6.903,6.051,7.422,8271.417,61.638,128130.655,11853.889,87.848,159.339,170.952,147.217,282.165,319.155,243.204,110.256,130.974,88.633,199.704,238.972,158.523,0,0
46,Estimates,WORLD,0,World,1995,0.0,5743.219454,2885.1842420000003,2858.035212,44.042,100.95,24.051,82.317672,14.334,82.317384,1.433,48.37,133673.134,18229.072,23.276,2.878,1.224,27.223,107.3,51355.462,27281.69,24073.772,8.942,64.877,62.441,67.383,56.94,54.399,59.539,14.996,13.493,16.283,6.931,6.077,7.455,8097.466,60.592,127742.196,11584.666,86.395,154.485,165.332,143.162,275.331,311.58,237.227,105.524,125.565,84.656,193.747,232.16,153.551,0,0
47,Estimates,WORLD,0,World,1996,0.0,5825.145298,2926.632435,2898.512863,44.67,100.97,24.293,81.534223,13.997,81.534304,1.4,49.511,133052.993,17998.012,22.842,2.833,1.207,27.227,107.3,51518.77,27286.984,24231.786,8.845,65.143,62.766,67.579,57.096,54.617,59.621,15.094,13.619,16.355,6.99,6.155,7.501,7907.524,59.415,127249.393,11302.525,84.742,152.422,162.712,141.686,271.933,306.98,235.18,104.516,123.804,84.468,191.573,228.665,152.849,0,0
48,Estimates,WORLD,0,World,1997,0.0,5906.481261,2967.90534,2938.575921,45.294,100.998,24.534,81.138364,13.737,81.13762200000001,1.374,50.447,132597.541,17917.545,22.45,2.794,1.193,27.254,107.4,51459.177,27241.731,24217.446,8.713,65.501,63.141,67.914,57.325,54.867,59.824,15.226,13.761,16.481,7.057,6.231,7.565,7702.731,58.085,126915.476,10998.068,82.797,149.587,159.618,139.131,267.26,301.638,231.274,102.802,121.661,83.222,188.328,224.628,150.489,0,0
49,Estimates,WORLD,0,World,1998,0.0,5987.3124800000005,3008.968271,2978.344209,45.914,101.028,24.777,80.525008,13.45,80.524816,1.345,51.535,132286.772,18056.295,22.095,2.758,1.179,27.25,107.4,51761.764,27466.173,24295.591,8.645,65.722,63.334,68.168,57.458,54.972,59.992,15.344,13.875,16.609,7.116,6.29,7.629,7534.168,56.953,126702.394,10775.588,81.359,148.561,158.902,137.782,264.889,299.462,228.693,102.765,122.037,82.747,186.961,223.443,148.917,0,0
50,Estimates,WORLD,0,World,1999,0.0,6067.758457999999,3049.82257,3017.935888,46.531,101.057,25.018,80.367602,13.245,80.36714,1.325,52.313,132364.211,18034.73,21.814,2.73,1.172,27.285,107.4,51996.609,27532.388,24464.221,8.569,66.073,63.713,68.492,57.566,55.124,60.053,15.37,13.954,16.589,7.097,6.319,7.579,7292.478,55.135,126920.6,10357.844,78.325,144.257,154.543,133.536,260.013,294.491,223.936,101.425,120.503,81.621,184.844,221.014,147.153,0,0
51,Estimates,WORLD,0,World,2000,0.0,6148.898975,3091.099541,3057.799434,47.153,101.089,25.25,81.914209,13.321,81.913894,1.332,52.038,134014.028,18059.649,21.793,2.734,1.178,27.317,107.5,52099.819,27649.838,24449.981,8.472,66.453,64.084,68.882,57.743,55.296,60.238,15.476,14.038,16.721,7.171,6.373,7.671,7122.962,53.286,128653.235,10060.72,75.578,140.458,150.202,130.307,255.384,289.572,219.66,100.011,118.542,80.796,182.52,218.297,145.286,0,0
52,Estimates,WORLD,0,World,2001,0.0,6230.746982,3132.6168620000003,3098.1301209999997,47.781,101.113,25.47,81.782448,13.126,81.782121,1.313,52.791,133877.73,18179.019,21.487,2.7,1.167,27.332,107.4,52095.282,27786.009,24309.273,8.361,66.834,64.405,69.332,57.954,55.449,60.516,15.628,14.142,16.925,7.277,6.442,7.808,6923.976,51.754,128647.772,9744.296,73.13,137.4,147.154,127.235,251.095,285.672,214.963,98.966,117.525,79.718,180.198,216.28,142.643,0,0
53,Estimates,WORLD,0,World,2002,0.0,6312.40736,3173.877429,3138.529931,48.407,101.126,25.679,81.539012,12.917,81.538634,1.292,53.649,134020.459,17903.854,21.231,2.672,1.159,27.368,107.4,52481.447,28000.845,24480.602,8.314,67.137,64.71,69.636,58.075,55.574,60.635,15.675,14.194,16.974,7.299,6.465,7.831,6717.427,50.14,128918.717,9426.121,70.596,134.189,143.798,124.174,246.999,281.521,210.957,97.898,116.264,78.853,178.148,214.109,140.746,0,0
54,Estimates,WORLD,0,World,2003,0.0,6393.898365,3215.0387140000003,3178.85965,49.032,101.138,25.882,81.443575,12.737,81.443376,1.274,54.407,134302.047,17630.616,21.004,2.647,1.153,27.392,107.4,52858.472,28228.72,24629.752,8.267,67.46,65.018,69.977,58.19,55.685,60.758,15.716,14.236,17.02,7.306,6.478,7.837,6489.807,48.335,129344.048,9078.619,67.83,130.799,140.444,120.734,242.841,277.687,206.481,96.907,115.21,77.925,176.34,212.499,138.764,0,0
55,Estimates,WORLD,0,World,2004,0.0,6475.751478,3256.371438,3219.3800410000003,49.659,101.149,26.08,82.263098,12.702,82.26285,1.27,54.579,135228.145,16985.63,20.881,2.636,1.151,27.458,107.4,52965.047,28345.632,24619.415,8.179,67.807,65.352,70.338,58.388,55.879,60.958,15.871,14.366,17.2,7.438,6.576,7.994,6301.004,46.643,130382.043,8812.796,65.5,128.394,137.965,118.39,239.322,273.882,203.306,96.168,114.054,77.621,174.551,210.267,137.499,0,0
56,Estimates,WORLD,0,World,2005,0.0,6558.176119,3298.0260869999997,3260.150032,50.291,101.162,26.273,82.58688099999999,12.592,82.586432,1.259,55.055,135800.237,16096.934,20.706,2.619,1.148,27.556,107.4,53213.356,28521.658,24691.698,8.114,68.205,65.72,70.77,58.572,56.042,61.169,15.922,14.414,17.26,7.441,6.58,8,6090.09,44.874,131088.948,8474.813,62.729,124.106,133.83,113.929,233.704,268.846,197.084,94.042,112.067,75.339,171.32,207.513,133.783,0,0
57,Estimates,WORLD,0,World,2006,0.0,6641.416218,3340.1992429999996,3301.2169759999997,50.93,101.181,26.47,83.894046,12.631,83.893766,1.263,54.881,136909.897,15741.743,20.613,2.612,1.149,27.629,107.3,53015.851,28447.704,24568.147,7.982,68.703,66.201,71.284,58.865,56.328,61.465,16.089,14.581,17.426,7.548,6.678,8.116,5892.785,43.098,132318.739,8158.654,60.009,119.832,129.692,109.494,227.547,262.678,190.954,91.775,109.707,73.157,167.516,203.531,130.19,0,0
58,Estimates,WORLD,0,World,2007,0.0,6725.948544,3383.1176090000004,3342.8309360000003,51.578,101.205,26.675,85.171001,12.662,85.17088700000001,1.266,54.751,138562.817,15706.062,20.599,2.612,1.154,27.662,107.3,53391.816,28693.156,24698.66,7.937,69.051,66.528,71.656,59.026,56.474,61.646,16.165,14.646,17.516,7.585,6.706,8.162,5729.294,41.436,134068.506,7894.819,57.526,116.386,126.28,105.999,223.047,258.269,186.371,90.297,108.155,71.743,165.138,201.155,127.826,0,0
59,Estimates,WORLD,0,World,2008,0.0,6811.597272,3426.553494,3385.0437779999997,52.235,101.226,26.886,86.126739,12.643,86.126568,1.264,54.838,140164.401,15934.733,20.575,2.613,1.157,27.69,107.3,54037.662,29006.143,25031.519,7.932,69.301,66.798,71.886,59.129,56.6,61.724,16.23,14.728,17.567,7.609,6.745,8.181,5581.001,39.897,135763.207,7681.361,55.392,113.994,123.67,103.824,220.258,255.205,183.903,89.541,107.022,71.376,164.033,199.707,127.113,0,0
60,Estimates,WORLD,0,World,2009,0.0,6898.305908,3470.393479,3427.9124300000003,52.9,101.239,27.102,87.29069899999999,12.653,87.29070399999999,1.265,54.794,141200.888,15519.595,20.468,2.605,1.158,27.726,107.3,53910.189,28988.168,24922.021,7.815,69.796,67.266,72.409,59.418,56.87,62.032,16.378,14.877,17.717,7.702,6.836,8.279,5408.623,38.364,136912.319,7398.356,52.906,109.418,119.196,99.129,213.89,248.978,177.394,86.758,104.237,68.58,160.041,195.728,123.12,0,0
61,Estimates,WORLD,0,World,2010,0.0,6985.603105,3514.4080980000003,3471.1950070000003,53.569,101.245,27.327,87.30412600000001,12.497,87.30369,1.25,55.452,141633.32,15365.844,20.274,2.587,1.153,27.728,107.2,54329.194,29191.605,25137.589,7.777,70.109,67.59,72.707,59.595,57.06,62.194,16.466,14.98,17.791,7.745,6.891,8.318,5254.059,37.13,137450.01,7179.9,51.068,106.586,116.19,96.474,209.895,244.637,173.787,84.875,102.048,67.003,157.582,192.887,121.077,0,0
62,Estimates,WORLD,0,World,2011,0.0,7073.125425,3558.591636,3514.533789,54.24,101.254,27.554,87.74111900000001,12.404,87.74095,1.24,55.899,142134.919,15127.233,20.094,2.573,1.151,27.741,107.1,54393.8,29248.069,25145.731,7.69,70.53,67.999,73.14,59.849,57.311,62.45,16.599,15.114,17.924,7.824,6.97,8.401,5089.057,35.838,138060.232,6928.744,49.042,102.753,112.451,92.531,204.681,239.162,168.838,82.306,99.283,64.619,154.309,189.204,118.227,0,0
63,Estimates,WORLD,0,World,2012,0.0,7161.697921,3603.4314240000003,3558.266498,54.92,101.269,27.775,89.40427700000001,12.482,89.404042,1.248,55.541,144194.06,14997.34,20.132,2.59,1.163,27.759,107.1,54789.783,29482.549,25307.234,7.65,70.873,68.331,73.495,60.04,57.497,62.647,16.702,15.217,18.03,7.869,7.017,8.45,4953.744,34.425,140200.448,6728.03,47.074,99.673,109.455,89.35,200.544,234.772,164.943,80.489,97.356,62.894,151.915,186.445,116.191,0,0
64,Estimates,WORLD,0,World,2013,0.0,7250.5933700000005,3648.401067,3602.192303,55.601,101.283,27.993,88.38714200000001,12.19,88.386856,1.219,56.862,143421.589,14890.255,19.781,2.56,1.153,27.779,106.9,55034.447,29637.536,25396.911,7.591,71.207,68.654,73.84,60.257,57.711,62.865,16.836,15.347,18.168,7.955,7.101,8.54,4800.89,33.456,139544.027,6517.434,45.597,96.84,106.728,86.393,196.763,230.628,161.513,78.68,95.428,61.184,149.52,183.555,114.288,0,0
65,Estimates,WORLD,0,World,2014,0.0,7339.013419,3693.112764,3645.900655,56.279,101.295,28.22,88.45327999999999,12.052,88.453242,1.205,57.523,143670.855,14762.908,19.576,2.553,1.152,27.854,106.9,55217.575,29720.761,25496.814,7.524,71.565,69.028,74.176,60.486,57.961,63.067,16.985,15.493,18.32,8.064,7.203,8.659,4638.505,32.295,139906.128,6294.075,43.935,94.039,103.74,83.781,192.907,225.812,158.659,77.067,93.328,60.068,147.175,180.137,113.055,0,0
66,Estimates,WORLD,0,World,2015,0.0,7426.597537,3737.402732,3689.194805,56.951,101.307,28.456,86.71504700000001,11.677,86.714993,1.168,59.345,142608.081,13737.621,19.203,2.524,1.142,27.989,106.7,55893.034,30032.499,25860.535,7.526,71.8,69.286,74.386,60.617,58.12,63.168,17.049,15.568,18.377,8.073,7.226,8.662,4488.802,31.456,138954.781,6082.582,42.626,91.838,101.444,81.673,190.002,222.172,156.505,75.843,91.767,59.181,145.475,177.609,112.196,0,0
67,Estimates,WORLD,0,World,2016,0.0,7513.474238,3781.0913769999997,3732.382861,57.617,101.305,28.699,87.038285,11.584,87.03841,1.158,59.857,143238.9,13343.928,19.064,2.526,1.146,28.131,106.7,56200.615,30267.32,25933.295,7.48,72.11,69.576,74.718,60.81,58.294,63.382,17.193,15.683,18.549,8.186,7.314,8.797,4358.572,30.458,139672.661,5888.046,41.167,89.569,99.172,79.399,186.921,218.683,153.816,74.785,90.59,58.225,143.786,175.459,110.948,0,0
68,Estimates,WORLD,0,World,2017,0.0,7599.8224040000005,3824.259774,3775.56263,58.279,101.29,28.947,85.658158,11.271,85.657921,1.127,61.504,142624.116,13193.334,18.767,2.504,1.139,28.174,106.6,56965.958,30752.012,26213.946,7.496,72.327,69.76,74.975,60.917,58.373,63.526,17.241,15.701,18.632,8.196,7.309,8.824,4219.017,29.569,139165.451,5685.511,39.841,87.51,97.162,77.28,184.066,215.796,150.962,73.832,89.642,57.251,142.187,173.767,109.411,0,0
69,Estimates,WORLD,0,World,2018,0.0,7683.789828,3866.135266,3817.654563,58.923,101.27,29.204,82.277038,10.709,82.276928,1.071,64.72,139628.713,13021.401,18.174,2.443,1.114,28.209,106.3,57351.675,30909.237,26442.438,7.465,72.576,70.028,75.2,61.107,58.588,63.684,17.363,15.838,18.736,8.285,7.418,8.897,4086.913,29.191,136274.979,5500.682,39.097,85.964,95.539,75.814,181.199,212.463,148.571,72.695,88.235,56.388,140.017,171.043,107.807,0,0
70,Estimates,WORLD,0,World,2019,0.0,7764.951032,3906.407855,3858.543178,59.546,101.24,29.469,80.045723,10.309,80.045481,1.031,67.231,137984.248,12902.394,17.771,2.406,1.099,28.236,106.2,57938.525,31242.334,26696.191,7.462,72.79,70.237,75.419,61.257,58.739,63.833,17.459,15.929,18.839,8.361,7.499,8.971,3964.486,28.693,134716.137,5331.013,38.316,84.539,94.055,74.447,178.64,209.694,146.21,71.916,87.268,55.799,138.207,168.929,106.291,0,0
71,Estimates,WORLD,0,World,2020,0.0,7840.95288,3943.6121919999996,3897.3406880000002,60.128,101.187,29.736,71.958294,9.179,71.95821400000001,0.918,75.506,135132.602,12798.699,17.237,2.349,1.075,28.226,105.9,63174.308,34316.609,28857.699,8.058,72.036,69.408,74.789,60.401,57.809,63.101,16.815,15.199,18.315,7.989,7.048,8.681,3833.912,28.296,131966.676,5149.489,37.645,83.691,93.302,73.497,185.65,218.242,151.54,74.198,90.009,57.59,146.332,178.611,112.724,0,0
72,Estimates,WORLD,0,World,2021,0.0,7909.295150999999,3976.648226,3932.646925,60.653,101.119,29.996,64.726542,8.184,64.72632899999999,0.818,84.737,133974.696,12805.79,16.94,2.321,1.062,28.213,105.8,69248.154,37524.842,31723.312,8.756,71.048,68.437,73.807,59.317,56.745,62.023,16.225,14.659,17.686,7.71,6.811,8.373,3745.591,27.93,130866.794,5022.35,37.117,86.587,96.887,75.655,198.763,233.396,162.368,81.734,98.895,63.673,160.63,195.035,124.652,0,0
7657,Estimates,India,IND,Country/Area,1970,111.968318080093,557.501301,288.29240500000003,269.208897,187.509,107.089,18.264,12.436923,22.305,12.391129000000001,2.223,31.181,22042.928,4211.812,39.533,5.624,1.908,28.044,105.5,9606.005,4826.227,4779.778,17.228,48.241,48.854,47.587,48.045,48.217,47.871,11.174,11.014,11.342,5.082,5.099,5.066,3110.193,141.675,19854.222,4630.041,213.5,339.621,321.571,358.575,513.675,509.618,518.025,214.256,205.198,223.644,358.198,359.825,356.306,-45.792,-0.082
7658,Estimates,India,IND,Country/Area,1971,117.365931425153,569.9991779999999,294.818942,275.180236,191.713,107.137,18.301,12.825039,22.492,12.604624,2.211,31.35,22482.719,4413.311,39.43,5.565,1.898,27.943,105.5,9657.68,4845.984,4811.696,16.938,48.632,49.284,47.938,48.343,48.552,48.127,11.316,11.161,11.478,5.234,5.256,5.214,3129.243,139.936,20277.751,4645.818,210.569,334.614,316.047,354.111,507.71,502.753,513.01,209.083,199.237,219.336,352.584,353.179,351.81,-220.417,-0.387
7659,Estimates,India,IND,Country/Area,1972,124.810294273167,582.837973,301.529376,281.308597,196.031,107.188,18.35,13.133262,22.53,13.072965,2.243,30.903,22835.036,4575.66,39.173,5.482,1.877,27.824,105.6,9701.774,4865.983,4835.791,16.643,49.025,49.694,48.31,48.668,48.896,48.429,11.532,11.367,11.706,5.428,5.437,5.42,3149.286,138.481,20618.794,4669.274,208.112,330.586,311.84,350.297,501.892,496.181,507.996,204.843,194.425,215.747,346.917,346.59,347.154,-60.291,-0.103
7660,Estimates,India,IND,Country/Area,1973,145.697480282379,596.107483,308.46545899999995,287.642024,200.494,107.239,18.414,13.528813,22.692,13.466055,2.259,30.684,23229.501,4745.059,38.962,5.402,1.861,27.712,105.6,9700.688,4862.985,4837.703,16.27,49.539,50.224,48.806,49.032,49.274,48.775,11.805,11.619,11.999,5.645,5.629,5.66,3152.321,136.344,21009.762,4662.052,204.414,325.63,306.729,345.531,494.746,488.221,501.721,200.996,189.987,212.573,340.813,339.504,342.126,-62.763,-0.105
7661,Estimates,India,IND,Country/Area,1974,160.692894566758,609.721951,315.584063,294.13788900000003,205.073,107.291,18.486,13.931040999999999,22.843,13.762883,2.257,30.711,23558.643,4792.646,38.629,5.325,1.85,27.691,105.8,9627.602,4829.236,4798.366,15.786,50.244,50.912,49.526,49.468,49.699,49.219,12.097,11.881,12.321,5.856,5.808,5.902,3128.98,133.349,21356.9,4607.426,199.035,318.258,299.54,338.009,484.992,478.155,492.311,196.162,184.904,208.054,333.244,331.436,335.116,-168.162,-0.276
7662,Estimates,India,IND,Country/Area,1975,163.16186374822,623.524219,322.800952,300.72326799999996,209.716,107.342,18.567,14.067636,22.556,13.841652,2.22,31.223,23660.096,4781.064,37.937,5.195,1.818,27.636,105.9,9592.46,4823.181,4769.278,15.381,50.812,51.418,50.158,49.811,49.984,49.625,12.305,12.049,12.572,6.004,5.921,6.087,3090.288,130.741,21492.129,4549.079,194.536,312.014,293.944,331.142,477.093,471.021,483.623,191.97,181.335,203.257,327.188,326.149,328.252,-225.989,-0.362
7663,Estimates,India,IND,Country/Area,1976,160.73957762389,637.451448,330.07758,307.373867,214.4,107.386,18.651,14.44892,22.656,14.012805,2.198,31.535,24020.807,4803.042,37.665,5.13,1.811,27.626,106.2,9571.887,4833.77,4738.117,15.009,51.388,51.884,50.852,50.115,50.176,50.05,12.409,12.106,12.726,6.067,5.949,6.184,3058.099,127.868,21868.147,4486.561,189.584,304.52,287.542,322.569,468.713,464.614,473.168,186.913,177.838,196.606,321.09,322.244,319.8,-436.104,-0.684
7664,Estimates,India,IND,Country/Area,1977,182.663899819688,651.6856280000001,337.496325,314.189303,219.187,107.418,18.743,14.486653,22.228,14.455556,2.218,31.251,24041.856,4515.932,36.89,5.007,1.784,27.662,106.2,9555.203,4849.341,4705.862,14.662,51.909,52.275,51.512,50.352,50.27,50.444,12.412,12.06,12.783,6.051,5.901,6.2,3002.95,124.921,21936.974,4399.463,184.611,296.745,280.949,313.604,460.773,459.325,462.408,181.602,174.646,189.106,315.538,319.799,310.882,-31.092,-0.048
7665,Estimates,India,IND,Country/Area,1978,206.409783321418,666.26776,345.069608,321.198151,224.092,107.432,18.845,14.722541999999999,22.095,14.708707,2.208,31.393,24242.925,4602.447,36.383,4.888,1.762,27.527,106.3,9520.383,4858.903,4661.479,14.288,52.492,52.71,52.258,50.592,50.329,50.886,12.359,11.95,12.791,5.987,5.804,6.167,2943.454,121.705,22175.073,4297.506,179.059,287.457,272.941,303.01,451.516,453.386,449.585,175.35,171.191,179.937,309.234,317.569,300.122,-13.841,-0.021
7666,Estimates,India,IND,Country/Area,1979,223.210402161877,681.248383,352.82632900000004,328.422054,229.13,107.431,18.943,15.18434,22.287,15.252540000000002,2.239,30.958,24698.877,4952.113,36.252,4.808,1.753,27.302,106.5,9514.537,4883.036,4631.501,13.965,53.06,53.135,52.985,50.81,50.377,51.299,12.276,11.81,12.772,5.901,5.687,6.112,2908.125,118.398,22649.38,4215.751,173.432,278.15,264.831,292.47,442.237,447.299,436.852,169.133,167.579,170.992,302.966,315.155,289.612,68.198,0.1
7667,Estimates,India,IND,Country/Area,1980,268.405850408401,696.828385,360.87532699999997,335.953058,234.371,107.418,19.036,15.705144,22.538,15.907463,2.283,30.361,25235.028,5070.153,36.214,4.775,1.758,27.279,106.7,9529.884,4918.805,4611.079,13.676,53.611,53.545,53.696,51.029,50.436,51.7,12.195,11.669,12.756,5.818,5.571,6.062,2888.969,115.215,23197.343,4157.376,168.056,269.225,257.13,282.272,432.96,440.985,424.359,163.111,163.924,162.474,296.538,312.174,279.38,202.323,0.29
7668,Estimates,India,IND,Country/Area,1981,279.916471673181,712.869298,369.149846,343.719452,239.766,107.399,19.126,16.150693999999998,22.654,16.174364,2.269,30.549,25682.976,5322.759,36.024,4.698,1.747,27.083,106.9,9532.282,4943.269,4589.013,13.37,54.175,53.988,54.397,51.277,50.553,52.102,12.148,11.561,12.779,5.764,5.48,6.046,2865.362,112.146,23664.363,4101.611,162.89,260.703,249.642,272.663,423.313,433.561,412.311,157.264,159.886,154.708,289.536,307.689,269.62,23.662,0.033
7669,Estimates,India,IND,Country/Area,1982,280.306836745852,729.169466,377.54251899999997,351.626946,245.248,107.37,19.213,16.452077000000003,22.561,16.425971,2.253,30.766,25964.421,5384.913,35.605,4.62,1.734,27.04,106.8,9512.344,4950.45,4561.894,13.044,54.732,54.446,55.068,51.551,50.72,52.499,12.139,11.489,12.842,5.741,5.417,6.065,2829.065,109.304,23975.39,4038.93,158.129,252.881,242.664,263.944,413.65,425.392,401.057,151.771,155.68,147.835,282.22,302.01,260.543,-26.106,-0.036
7670,Estimates,India,IND,Country/Area,1983,298.822955652187,745.826546,386.102269,359.72427799999997,250.851,107.333,19.303,16.842031,22.58,16.888189999999998,2.264,30.616,26329.46,5391.377,35.3,4.565,1.727,27.042,106.8,9487.429,4951.016,4536.413,12.72,55.281,54.911,55.712,51.837,50.919,52.888,12.161,11.446,12.937,5.741,5.372,6.109,2796.732,106.654,24361.367,3982.132,153.708,245.664,236.129,255.996,404.15,416.85,390.569,146.667,151.443,141.788,274.895,295.674,252.201,46.174,0.062
7671,Estimates,India,IND,Country/Area,1984,290.92624995224,762.8951559999999,394.86549699999995,368.02966,256.591,107.292,19.392,17.306812,22.682,17.249029999999998,2.261,30.657,26777.35,5460.569,35.094,4.516,1.721,26.971,106.9,9470.538,4949.589,4520.949,12.412,55.816,55.387,56.315,52.122,51.128,53.261,12.204,11.424,13.053,5.755,5.34,6.169,2775.292,104.155,24822.691,3936.809,149.553,238.974,229.779,248.931,395.032,408.21,381.005,142.021,147.383,136.489,267.915,289.304,244.632,-57.788,-0.076
7672,Estimates,India,IND,Country/Area,1985,294.835053843213,780.242084,403.766421,376.475662,262.426,107.249,19.479,17.557603999999998,22.5,17.444826000000003,2.236,30.999,27001.359,5499.665,34.602,4.432,1.701,26.886,106.8,9443.755,4941.918,4501.837,12.102,56.334,55.849,56.898,52.394,51.334,53.61,12.259,11.416,13.178,5.774,5.312,6.233,2741.328,101.764,25075.586,3880.379,145.598,232.684,223.764,242.336,386.451,399.996,372.103,137.826,143.522,131.91,261.544,283.327,237.922,-112.781,-0.145
7673,Estimates,India,IND,Country/Area,1986,316.406782104405,797.878993,412.81168199999996,385.06731199999996,268.358,107.205,19.562,18.087906999999998,22.663,17.828992,2.235,31.013,27521.504,5575.874,34.483,4.399,1.7,26.804,106.8,9433.597,4941.241,4492.356,11.82,56.835,56.299,57.459,52.636,51.512,53.926,12.318,11.415,13.303,5.791,5.282,6.291,2719.515,99.372,25604.772,3833.385,141.657,226.666,217.894,236.143,378.57,392.523,363.862,134.23,140.195,127.997,256.167,278.433,232.112,-258.917,-0.324
7674,Estimates,India,IND,Country/Area,1987,342.256663412875,815.716125,421.96052399999996,393.755601,274.357,107.163,19.647,18.077455,22.159,17.845271,2.188,31.679,27477.888,5029.992,33.681,4.311,1.675,26.98,106.9,9400.433,4929.356,4471.077,11.522,57.315,56.726,57.999,52.843,51.657,54.206,12.376,11.419,13.42,5.803,5.249,6.34,2666.31,96.975,25610.355,3754.775,137.733,220.9,212.256,230.222,371.456,385.988,356.205,131.214,137.423,124.687,251.831,274.732,227.18,-232.178,-0.285
7675,Estimates,India,IND,Country/Area,1988,370.04208238029,833.729681,431.194389,402.535292,280.416,107.12,19.745,18.285587,21.93,18.181842,2.181,31.781,27654.404,5349.477,33.166,4.222,1.653,26.825,106.9,9368.817,4922.515,4446.302,11.236,57.777,57.113,58.546,53.023,51.78,54.451,12.435,11.434,13.527,5.817,5.224,6.38,2610.162,94.56,25821.687,3670.082,133.796,215.348,207.175,224.157,364.953,380.414,348.772,128.717,135.153,121.911,248.321,271.91,223.023,-103.742,-0.124
7676,Estimates,India,IND,Country/Area,1989,356.818417646233,852.012673,440.551295,411.461378,286.565,107.07,19.853,18.398129,21.593,18.384142,2.158,32.12,27733.329,5454.769,32.549,4.132,1.63,26.782,106.7,9335.2,4908.795,4426.405,10.956,58.233,57.511,59.064,53.194,51.905,54.669,12.5,11.466,13.622,5.837,5.214,6.415,2553.676,92.15,25942.227,3580.179,129.875,209.881,202.009,218.359,358.746,374.958,341.821,126.467,133.052,119.472,245.2,269.354,219.38,-13.987,-0.016
7677,Estimates,India,IND,Country/Area,1990,378.124664023125,870.452165,449.984059,420.46810600000003,292.767,107.02,19.971,18.38637,21.125,18.494842000000002,2.125,32.619,27692.243,5220.519,31.816,4.045,1.604,26.896,106.9,9305.873,4896.674,4409.199,10.691,58.652,57.876,59.537,53.339,52.009,54.853,12.57,11.518,13.703,5.868,5.227,6.446,2489.416,89.841,25948.59,3483.673,126.149,204.992,197.552,213.009,353.298,370.271,335.595,124.858,131.769,117.48,242.769,267.505,216.377,108.465,0.125
7678,Estimates,India,IND,Country/Area,1991,327.580925000657,888.941756,459.46349200000003,429.478264,298.986,106.982,20.095,18.642349,20.968,18.48434,2.079,33.34,27937.351,5594.213,31.423,3.959,1.577,26.607,107.3,9295.002,4887.872,4407.131,10.455,59.055,58.256,59.956,53.483,52.133,55.01,12.649,11.596,13.767,5.915,5.273,6.477,2442.364,87.641,26221.34,3403.194,122.611,200.352,193.121,208.15,348.068,365.392,330.021,123.433,130.613,115.73,240.397,265.418,213.731,-158.007,-0.178
7679,Estimates,India,IND,Country/Area,1992,323.602231190505,907.574049,469.04609600000003,438.52795299999997,305.253,106.959,20.225,18.77205,20.684,18.780245,2.069,33.502,28057.136,5714.733,30.914,3.877,1.551,26.461,107.6,9285.086,4872.221,4412.865,10.23,59.452,58.66,60.335,53.636,52.286,55.148,12.737,11.704,13.818,5.98,5.355,6.509,2396.484,85.515,26375.592,3325.048,119.201,195.868,188.661,203.644,342.879,360.127,324.932,122.1,129.493,114.134,237.922,262.894,211.316,8.198,0.009
7680,Estimates,India,IND,Country/Area,1993,310.113254812594,926.351297,478.73597600000005,447.61532,311.568,106.953,20.367,18.771806,20.264,18.774251,2.027,34.196,28054.515,5564.083,30.285,3.799,1.523,26.505,107.9,9282.709,4855.842,4426.867,10.021,59.815,59.054,60.65,53.771,52.438,55.249,12.829,11.834,13.856,6.056,5.464,6.54,2342.103,83.467,26413.39,3242.582,115.972,191.928,184.59,199.85,338.327,355.191,320.792,121.229,128.781,113.049,235.913,260.619,209.574,2.44,0.003
7681,Estimates,India,IND,Country/Area,1994,346.491777992465,945.2619579999999,488.535405,456.726553,317.929,106.965,20.519,18.93698,20.034,19.047073,2.015,34.399,28206.659,5689.613,29.841,3.723,1.497,26.319,108.4,9269.679,4836.002,4433.678,9.807,60.216,59.483,61.007,53.932,52.613,55.383,12.935,11.985,13.898,6.141,5.595,6.575,2292.049,81.381,26597.872,3160.754,112.64,187.633,180.332,195.528,333.244,349.9,315.911,120.087,128.023,111.447,233.507,258.148,207.181,110.095,0.116
7682,Estimates,India,IND,Country/Area,1995,385.555083186908,964.279129,498.43246500000004,465.846665,324.325,106.995,20.678,19.044412,19.749,18.987268,1.969,35.203,28313.788,5703.547,29.361,3.651,1.472,26.212,108.9,9269.376,4825.481,4443.895,9.612,60.596,59.89,61.351,54.076,52.77,55.502,13.044,12.147,13.942,6.228,5.737,6.609,2242.215,79.286,26740.452,3079.805,109.321,183.738,176.559,191.477,328.736,345.337,311.392,119.367,127.775,110.167,231.694,256.434,205.19,-57.139,-0.059
7683,Estimates,India,IND,Country/Area,1996,400.340124876211,983.281218,508.34916,474.932057,330.716,107.036,20.844,19.04298,19.367,19.016909,1.934,35.84,28304.911,5439.087,28.786,3.582,1.45,26.269,109,9261.931,4818.238,4443.693,9.419,60.984,60.277,61.733,54.218,52.914,55.636,13.159,12.314,13.995,6.314,5.882,6.643,2182.429,77.101,26764.517,2988.739,105.896,179.897,173.226,187.124,324.387,341.46,306.482,118.758,127.801,108.819,230.178,255.367,203.097,-26.079,-0.027
7684,Estimates,India,IND,Country/Area,1997,424.553612035709,1002.33523,518.303618,484.031612,337.125,107.081,21.016,19.089877,19.045,19.091116999999997,1.905,36.386,28340.882,5423.45,28.274,3.514,1.428,26.26,109.2,9251.005,4814.047,4436.958,9.229,61.388,60.665,62.148,54.364,53.046,55.796,13.279,12.48,14.064,6.395,6.022,6.677,2120.257,74.822,26826.871,2892.892,102.348,175.996,169.932,182.635,320.047,337.965,301.193,118.13,127.96,107.279,228.826,254.873,200.707,1.24,0.001
7685,Estimates,India,IND,Country/Area,1998,420.536223843934,1021.434576,528.2874129999999,493.14716200000004,343.548,107.126,21.193,19.136067999999998,18.734,19.107573,1.871,37.047,28380.714,5480.598,27.784,3.446,1.407,26.238,109.3,9244.646,4819.954,4424.693,9.05,61.792,61.028,62.595,54.513,53.169,55.974,13.399,12.638,14.142,6.466,6.146,6.709,2058.442,72.522,26894.318,2797.37,98.802,172.186,167.015,177.929,315.744,334.89,295.5,117.495,128.183,105.664,227.487,254.605,198.086,-28.485,-0.028
7686,Estimates,India,IND,Country/Area,1999,443.816554757713,1040.500054,538.24436,502.255693,349.961,107.165,21.375,19.129974999999998,18.385,19.023383000000003,1.828,37.918,28365.313,5301.808,27.26,3.383,1.389,26.336,109.3,9235.338,4836.945,4398.393,8.875,62.207,61.351,63.111,54.67,53.289,56.174,13.515,12.781,14.229,6.524,6.245,6.737,1992.304,70.172,26911.203,2697.312,95.207,168.284,164.622,172.454,311.096,332.039,288.801,116.724,128.353,103.856,225.795,254.104,194.977,-106.592,-0.102
7687,Estimates,India,IND,Country/Area,2000,449.351550578991,1059.633675,548.223581,511.41009499999996,356.396,107.198,21.555,19.393815999999998,18.3,19.243861000000003,1.816,38.169,28614.635,5222.965,27.001,3.35,1.382,26.399,109.5,9220.819,4845.164,4375.655,8.701,62.669,61.754,63.639,54.861,53.427,56.427,13.624,12.903,14.324,6.564,6.31,6.761,1936.554,67.773,27181.348,2604.937,91.493,163.758,161.009,166.994,305.234,327.587,281.335,115.38,128.105,101.322,222.975,252.631,190.564,-149.966,-0.142
7688,Estimates,India,IND,Country/Area,2001,454.74702002867,1078.970907,558.291332,520.679574,362.9,107.224,21.735,19.607906,18.17,19.430601,1.801,38.487,28842.611,5266.822,26.728,3.303,1.371,26.304,109.3,9234.705,4869.101,4365.604,8.558,63.091,62.114,64.131,55.037,53.556,56.657,13.711,12.991,14.411,6.578,6.329,6.773,1885.362,65.431,27432.135,2522.254,87.98,159.664,157.805,161.969,299.377,322.866,274.161,114.216,127.826,99.203,219.8,250.397,186.254,-177.306,-0.164
7689,Estimates,India,IND,Country/Area,2002,466.874743265745,1098.3130390000001,568.334873,529.978166,369.406,107.237,21.924,19.461741999999997,17.719,19.253663,1.753,39.541,28647.659,5038.105,26.082,3.217,1.345,26.312,109.1,9185.917,4861.382,4324.536,8.363,63.616,62.573,64.729,55.3,53.764,56.983,13.793,13.056,14.508,6.568,6.302,6.779,1812.588,63.065,27282.213,2416.779,84.346,154.144,153.067,155.623,290.901,315.289,264.618,111.573,126.037,95.641,214.075,245.4,179.626,-208.07,-0.189
7690,Estimates,India,IND,Country/Area,2003,536.47961099661,1117.415123,578.2362410000001,539.1788819999999,375.83,107.244,22.131,19.206011,17.187,18.950507,1.696,40.87,28355.763,4756.055,25.375,3.122,1.311,26.302,109.3,9149.752,4863.915,4285.836,8.188,64.094,62.981,65.287,55.534,53.945,57.279,13.849,13.086,14.589,6.536,6.24,6.773,1731.142,60.791,27039.074,2304.344,80.924,149.015,148.718,149.644,282.685,307.849,255.447,109.229,124.478,92.454,208.381,240.244,173.247,-255.516,-0.229
7691,Estimates,India,IND,Country/Area,2004,618.807422843154,1136.2645830000001,587.990365,548.274218,382.17,107.244,22.356,18.962766,16.688,18.748412000000002,1.65,42.009,28098.682,4062.284,24.728,3.046,1.286,26.49,109.4,9135.916,4885.405,4250.511,8.04,64.524,63.313,65.831,55.736,54.099,57.537,13.884,13.093,14.653,6.49,6.162,6.756,1652.709,58.597,26828.244,2195.519,77.701,144.242,145.078,143.614,275.07,301.273,246.557,107.175,123.088,89.69,203.129,235.408,167.462,-214.351,-0.189
7692,Estimates,India,IND,Country/Area,2005,713.306741527121,1154.638713,597.477666,557.161047,388.35,107.236,22.597,18.550039,16.064,17.999848,1.559,44.461,27645.749,3124.909,23.94,2.958,1.255,26.793,109.4,9095.71,4884.69,4211.02,7.876,64.996,63.719,66.379,55.952,54.256,57.82,13.913,13.095,14.709,6.442,6.09,6.731,1565.84,56.338,26431.56,2073.424,74.295,138.74,140.166,137.451,266.846,293.935,237.272,104.662,121.409,86.278,197.622,230.67,161.031,-550.186,-0.476
7693,Estimates,India,IND,Country/Area,2006,800.9957464426,1172.3737879999999,606.611392,565.762395,394.315,107.22,22.851,18.148535,15.477,17.470302,1.49,46.52,27228.667,2713.029,23.22,2.864,1.223,26.862,109.3,9080.132,4899.888,4180.244,7.743,65.412,64.053,66.891,56.119,54.369,58.051,13.928,13.093,14.743,6.399,6.039,6.696,1480.555,54.116,26068.43,1953.532,71.009,133.696,135.947,131.485,259.886,288.237,228.823,102.626,120.157,83.4,193.383,227.348,155.712,-678.231,-0.578
7694,Estimates,India,IND,Country/Area,2007,995.824699683999,1189.691809,615.506279,574.18553,400.14,107.196,23.116,17.934919999999998,15.071,17.165741,1.443,48.035,27029.549,2572.158,22.713,2.784,1.195,26.713,109.3,9094.629,4926.303,4168.326,7.642,65.788,64.365,67.342,56.242,54.437,58.238,13.937,13.095,14.757,6.369,6.024,6.654,1406.414,51.891,25914.172,1844.807,67.758,128.976,131.834,126.089,254.184,283.936,221.485,101.009,119.412,80.838,190.532,225.792,151.348,-769.184,-0.646
7695,Estimates,India,IND,Country/Area,2008,1050.33029218546,1206.7348060000002,624.24202,582.492785,405.872,107.167,23.389,17.767037000000002,14.718,16.920251,1.402,49.44,26890.1,2774.116,22.276,2.718,1.173,26.627,109.4,9123.063,4960.979,4162.084,7.558,66.149,64.654,67.786,56.345,54.491,58.398,13.953,13.117,14.765,6.361,6.049,6.618,1337.834,49.649,25817.915,1743.133,64.5,124.367,127.997,120.618,249.377,280.809,214.727,99.57,118.805,78.499,188.703,225.384,147.873,-846.785,-0.701
7696,Estimates,India,IND,Country/Area,2009,1074.8504934395,1223.64016,632.892402,590.747758,411.558,107.134,23.668,17.693895,14.455,16.890456999999998,1.38,50.228,26848.279,2397.655,21.934,2.673,1.159,26.67,109.5,9154.384,4993.309,4161.075,7.479,66.513,64.962,68.215,56.452,54.564,58.544,13.992,13.172,14.785,6.383,6.113,6.606,1274.295,47.408,25816.089,1649.022,61.276,119.752,124.055,115.254,245.139,278.069,208.803,98.112,118.005,76.331,187.481,225.4,145.274,-803.437,-0.656
7697,Estimates,India,IND,Country/Area,2010,1345.8015998909,1240.61362,641.566029,599.047591,417.267,107.098,23.954,17.436543,14.053,17.056464,1.375,50.411,26598.911,2281.188,21.438,2.603,1.134,26.575,109.6,9162.368,5007.017,4155.351,7.385,66.909,65.327,68.645,56.593,54.692,58.699,14.07,13.274,14.837,6.447,6.219,6.635,1204.668,45.17,25615.194,1550.9,58.073,114.946,119.724,109.915,241.048,274.929,203.696,96.391,116.644,74.234,186.412,225.044,143.479,-380.087,-0.306
7698,Estimates,India,IND,Country/Area,2011,1488.45973200691,1257.6211910000002,650.2443900000001,607.376801,422.987,107.058,24.252,17.202805,13.678,16.958678,1.348,51.42,26342.016,2162.341,20.945,2.536,1.111,26.493,109.5,9139.211,4998.03,4141.181,7.267,67.359,65.765,69.106,56.798,54.916,58.876,14.207,13.439,14.943,6.562,6.365,6.724,1134.563,42.959,25406.758,1454.107,54.937,109.83,115.032,104.316,236.735,270.801,199.249,94.152,114.28,72.159,185.047,223.432,142.507,-244.114,-0.194
7699,Estimates,India,IND,Country/Area,2012,1460.09878613348,1274.487215,658.8394350000001,615.647779,428.66,107.016,24.559,16.954351,13.303,16.773369,1.316,52.671,26026.697,2033.295,20.421,2.467,1.088,26.424,109.2,9072.346,4953.196,4119.151,7.118,67.887,66.324,69.592,57.093,55.271,59.093,14.418,13.68,15.122,6.74,6.554,6.893,1064.942,40.8,25141.112,1359,51.9,104.324,109.625,98.681,231.828,264.761,195.719,91.193,110.583,70.043,182.955,219.76,142.342,-180.991,-0.142
7700,Estimates,India,IND,Country/Area,2013,1484.78513596124,1291.132063,667.322883,623.8091800000001,434.258,106.975,24.875,16.752722000000002,12.975,16.516329000000002,1.279,54.194,25739.527,2011.045,19.935,2.406,1.067,26.389,109.1,8986.805,4888.297,4098.508,6.96,68.46,66.961,70.083,57.452,55.722,59.338,14.688,13.977,15.361,6.968,6.771,7.129,999.915,38.748,24900.659,1271.132,49.072,98.803,103.977,93.278,226.665,257.365,193.164,87.83,106.03,68.015,180.371,214.491,142.92,-236.387,-0.183
7701,Estimates,India,IND,Country/Area,2014,1562.7804516383,1307.246509,675.549357,631.697152,439.678,106.942,25.202,16.023249,12.259,15.712562,1.202,57.666,24899.418,2062.809,19.049,2.306,1.028,26.547,109.1,8876.169,4805.481,4070.688,6.79,69.074,67.651,70.602,57.846,56.221,59.601,14.984,14.295,15.634,7.218,6.997,7.397,918.478,36.657,24125.12,1165.468,46.155,93.115,98.083,87.795,221.034,248.961,190.707,84.301,101.089,66.058,177.389,208.244,143.702,-310.694,-0.238
7702,Estimates,India,IND,Country/Area,2015,1622.80819715429,1322.866505,683.543213,639.323292,444.932,106.917,25.541,16.002518,12.095,15.527429,1.174,59.041,24828.119,1343.493,18.765,2.287,1.024,26.989,109,8825.601,4755.438,4070.163,6.67,69.636,68.285,71.077,58.206,56.678,59.845,15.26,14.586,15.894,7.452,7.202,7.652,862.3,34.699,24091.441,1086.814,43.477,88.069,92.845,82.945,215.893,241.147,188.577,81.232,96.748,64.393,174.66,202.425,144.478,-475.094,-0.359
7703,Estimates,India,IND,Country/Area,2016,1711.13759620762,1338.63634,691.623419,647.012921,450.236,106.895,25.882,15.944129,11.911,16.012241,1.196,57.955,24783.025,1208.121,18.514,2.273,1.022,27.49,108.8,8838.896,4746.318,4092.578,6.603,70.117,68.81,71.503,58.494,57.033,60.052,15.474,14.809,16.099,7.631,7.362,7.847,814.169,32.831,24082.048,1018.065,40.939,83.732,88.451,78.655,211.243,234.574,186.063,78.86,93.479,63.004,172.286,197.778,144.65,68.119,0.051
7704,Estimates,India,IND,Country/Area,2017,1937.92454293877,1354.19568,699.587889,654.607791,455.469,106.871,26.226,15.326099000000001,11.318,15.106439,1.116,62.11,24253.964,1241.914,17.911,2.2,0.994,27.516,108.6,8927.865,4791.87,4135.995,6.593,70.467,69.159,71.856,58.661,57.221,60.198,15.58,14.92,16.203,7.715,7.448,7.93,756.067,31.059,23600.382,942.957,38.56,80.336,85.249,75.033,207.29,230.076,182.694,77.465,91.776,61.939,170.444,195.1,143.731,-219.656,-0.162
7705,Estimates,India,IND,Country/Area,2018,2018.40029246943,1369.003306,707.14923,661.854076,460.449,106.844,26.574,15.070371999999999,11.007,14.508815,1.06,65.391,24168.443,1179.109,17.651,2.177,0.987,27.711,108.4,9098.071,4892.594,4205.476,6.644,70.71,69.367,72.142,58.728,57.267,60.293,15.593,14.938,16.218,7.716,7.47,7.912,710.682,29.381,23548.266,881.398,36.315,77.7,82.928,72.042,203.861,227.271,178.55,76.881,91.401,61.112,169.001,194.114,141.768,-561.563,-0.41
7706,Estimates,India,IND,Country/Area,2019,2061.10083435195,1383.11205,714.325057,668.786993,465.195,106.809,26.929,14.302173,10.339,13.708673000000001,0.991,69.944,23583.089,1086.377,17.049,2.109,0.96,27.875,108.2,9280.916,5002.481,4278.435,6.71,70.91,69.525,72.395,58.776,57.291,60.373,15.594,14.945,16.218,7.7,7.479,7.876,660.518,27.905,23005.022,817.739,34.365,75.592,81.188,69.521,200.832,225.15,174.49,76.605,91.404,60.519,167.697,193.514,139.668,-593.495,-0.429
7707,Estimates,India,IND,Country/Area,2020,1913.65536647653,1396.3871270000002,720.997448,675.389679,469.66,106.753,27.283,12.876256999999999,9.222,12.841479999999999,0.92,75.342,23138.532,1060.229,16.572,2.051,0.937,27.891,107.9,10262.275,5602.755,4659.52,7.35,70.15,68.615,71.824,57.84,56.21,59.62,14.683,13.847,15.512,7.102,6.635,7.495,617.178,26.598,22595.171,762.625,32.644,71.231,76.132,65.923,205.863,232.16,177.355,75.768,90.349,59.94,174.606,202.334,144.496,-34.772,-0.025
7708,Estimates,India,IND,Country/Area,2021,2274.47654160975,1407.563842,726.503429,681.060412,473.419,106.672,27.603,9.813915000000001,6.971,9.51195,0.676,102.537,23113.533,1052.744,16.419,2.031,0.927,27.89,107.7,13299.618,7212.22,6087.398,9.448,67.24,65.756,68.886,54.702,53.128,56.451,12.748,12.003,13.5,5.784,5.391,6.114,589.231,25.482,22591.299,724.162,31.186,80.505,86.62,73.866,249.648,280.527,215.899,98.537,116.261,79.219,221.402,253.832,185.906,-301.97,-0.215
18529,Estimates,United States,USA,Country/Area,1970,5357.71923233627,200.32834,97.960128,102.368212,21.9,95.694,27.237,1.750657,8.756,2.688138,1.342,51.65,3633.765,623.818,18.175,2.467,1.162,26.063,105.4,1883.108,1057.274,825.833,9.419,70.735,67.016,74.646,57.738,54.164,61.467,15.077,13.041,16.904,7.163,6.29,7.764,75.422,20.882,3565.989,86.696,24.188,67.313,84.897,49.57,205.869,261.373,149.67,85.509,111.668,59.318,182.79,236.99,128.457,937.473,4.689
18530,Estimates,United States,USA,Country/Area,1971,5740.78142056921,202.907917,99.269398,103.638519,22.182,95.784,27.291,1.5568579999999999,7.691,2.471016,1.218,56.909,3441.896,607.616,17.003,2.259,1.067,26.009,105.2,1885.038,1053.529,831.51,9.312,71.096,67.388,74.974,57.945,54.371,61.656,15.183,13.114,17.027,7.174,6.28,7.78,64.839,18.797,3384.391,75.814,22.016,64.835,82.186,47.338,200.501,254.786,145.557,84.039,109.596,58.301,179.123,232.175,125.917,914.163,4.516
18531,Estimates,United States,USA,Country/Area,1972,6232.31355498355,205.23839,100.432469,104.805921,22.436,95.827,27.396,1.244154,6.079,2.18993,1.067,64.962,3163.771,578.864,15.458,2.007,0.95,25.904,105.1,1919.617,1071.813,847.804,9.379,71.172,67.416,75.108,57.942,54.318,61.712,15.144,13.044,17.009,7.19,6.27,7.805,56.9,17.822,3113.766,67.666,20.972,63.362,80.705,45.824,198.83,253.741,143.051,83.703,109.561,57.454,178.33,232.014,124.273,945.777,4.621
18532,Estimates,United States,USA,Country/Area,1973,6875.41963967409,207.314764,101.431988,105.882777,22.663,95.796,27.5,1.120598,5.417,1.9628189999999999,0.947,73.194,3051.417,566.569,14.752,1.875,0.887,25.839,105.2,1930.819,1073.779,857.04,9.335,71.388,67.618,75.323,58.124,54.487,61.891,15.265,13.128,17.149,7.194,6.249,7.818,53.008,17.288,3004.691,63.58,20.426,62.714,80.412,44.817,196.077,249.911,141.28,82.708,108.598,56.275,175.953,228.488,122.94,842.22,4.072
18533,Estimates,United States,USA,Country/Area,1974,7383.68694405519,209.277968,102.35167,106.92629799999999,22.878,95.722,27.64,1.17364,5.618,1.963589,0.938,73.896,3068.554,562.685,14.69,1.828,0.865,25.778,105.5,1894.914,1050.493,844.42,9.072,71.95,68.185,75.845,58.63,54.99,62.368,15.562,13.384,17.458,7.373,6.389,8.01,51.666,16.842,3022.825,61.232,19.77,59.611,76.596,42.449,188.202,240.558,134.966,78.847,103.87,53.184,168.7,219.806,117.168,789.95,3.782
18534,Estimates,United States,USA,Country/Area,1975,7974.95069625878,211.27453500000001,103.279288,107.995247,23.096,95.633,27.879,1.197373,5.679,2.029545,0.961,72.128,3050.973,549.967,14.47,1.769,0.839,25.795,105.4,1853.6,1029.75,823.85,8.791,72.534,68.721,76.455,59.129,55.424,62.914,15.923,13.655,17.882,7.658,6.582,8.348,48.439,15.865,3008.24,57.26,18.657,57.145,73.728,40.377,181.557,232.349,129.915,75.851,100.234,50.652,163.047,212.721,112.92,832.17,3.947
18535,Estimates,United States,USA,Country/Area,1976,8784.22566111987,213.27002199999998,104.203838,109.06618399999999,23.314,95.542,28.201,1.2010260000000001,5.642,1.9614280000000002,0.92,75.342,3070.796,531.556,14.425,1.737,0.825,25.862,105.3,1869.77,1031.259,838.511,8.783,72.834,69.077,76.675,59.367,55.709,63.081,16.005,13.73,17.956,7.641,6.558,8.324,46.467,15.121,3029.875,54.875,17.847,54.494,70.028,38.798,176.412,225.543,126.477,72.975,96.257,48.771,158.582,206.651,110.068,760.399,3.572
18536,Estimates,United States,USA,Country/Area,1977,9663.25230291369,215.437405,105.208264,110.22914200000001,23.551,95.445,28.515,1.357484,6.315,2.373339,1.102,62.899,3217.963,533.371,14.97,1.779,0.846,25.907,105.3,1860.479,1025.833,834.646,8.655,73.215,69.411,77.086,59.678,55.98,63.413,16.263,13.934,18.243,7.842,6.683,8.563,45.455,14.168,3177.873,53.598,16.833,53.569,69.499,37.461,172.415,220.813,123.108,71.892,95.045,47.781,155.391,202.611,107.626,1015.857,4.726
18537,Estimates,United States,USA,Country/Area,1978,10793.021343989,217.881437,106.34209,111.53934600000001,23.818,95.34,28.778,1.366215,6.287,2.514723,1.154,60.065,3254.955,524.264,14.979,1.758,0.836,25.965,105.3,1888.74,1035.172,853.568,8.692,73.397,69.619,77.224,59.819,56.138,63.522,16.328,14.001,18.294,7.844,6.669,8.565,44.394,13.637,3215.971,52.629,16.31,52.67,68.409,36.762,169.35,216.672,121.048,70.641,93.433,46.981,152.774,198.998,105.902,1148.506,5.285
18538,Estimates,United States,USA,Country/Area,1979,11917.33592261,220.463115,107.55702000000001,112.90609500000001,24.101,95.262,28.961,1.528988,6.953,2.648634,1.201,57.714,3408.374,529.059,15.498,1.801,0.858,26,105.2,1879.386,1027.683,851.704,8.545,73.82,70.008,77.661,60.188,56.469,63.909,16.589,14.247,18.549,8.031,6.825,8.757,44.586,13.114,3369.167,52.495,15.634,51.628,67.632,35.445,164.901,212.089,116.637,68.927,92.299,44.805,148.974,195.104,102.085,1119.646,5.091
18539,Estimates,United States,USA,Country/Area,1980,12804.9958300174,223.140018,108.83911,114.30090799999999,24.393,95.222,29.066,1.5820239999999999,7.107,2.705172,1.212,57.19,3535.619,532.843,15.883,1.831,0.872,26.002,105.3,1953.595,1057.5,896.095,8.776,73.717,69.981,77.473,60.045,56.399,63.686,16.402,14.113,18.312,7.861,6.673,8.571,44.78,12.701,3496.265,52.785,15.189,51.152,67.255,34.869,164.674,211.486,116.754,68.486,91.781,44.643,149.179,194.983,102.57,1123.144,5.045
18540,Estimates,United States,USA,Country/Area,1981,14212.2049079669,225.654008,110.063477,115.590531,24.668,95.218,29.295,1.603751,7.119,2.322808,1.029,67.361,3550.164,517.836,15.758,1.808,0.863,26.045,105.2,1946.413,1048.85,897.563,8.639,74.105,70.406,77.798,60.36,56.742,63.947,16.608,14.296,18.522,8.002,6.777,8.721,42.13,11.871,3513.303,49.972,14.246,48.844,64.107,33.426,160.625,205.829,114.301,66.409,89.071,43.391,145.992,190.244,100.89,719.062,3.192
18541,Estimates,United States,USA,Country/Area,1982,14665.6500180187,228.001418,111.224871,116.77654700000001,24.925,95.246,29.579,1.670923,7.34,2.372013,1.04,66.649,3614.08,507.591,15.875,1.82,0.869,26.123,105.1,1943.157,1042.023,901.134,8.535,74.453,70.801,78.075,60.672,57.1,64.192,16.743,14.418,18.655,8.139,6.875,8.876,41.608,11.519,3577.699,49.337,13.804,46.659,61.167,31.988,155.068,198.355,110.62,63.116,84.56,41.437,140.823,183.16,97.575,701.091,3.08
18542,Estimates,United States,USA,Country/Area,1983,15773.4214499031,230.38996400000002,112.422192,117.967773,25.186,95.299,29.864,1.605532,6.981,2.405078,1.044,66.393,3593.401,484.918,15.625,1.795,0.858,26.221,105.2,1987.869,1057.884,929.985,8.644,74.543,70.966,78.084,60.714,57.216,64.152,16.678,14.365,18.582,8.057,6.783,8.797,39.722,11.046,3558.75,47.342,13.261,44.875,58.615,30.983,152.554,194.365,109.564,61.099,81.635,40.459,138.858,179.705,97.07,799.544,3.477
18543,Estimates,United States,USA,Country/Area,1984,17346.2109717954,232.76628,113.625443,119.140837,25.446,95.371,30.104,1.621544,6.977,2.347553,1.009,68.696,3631.161,464.835,15.623,1.802,0.862,26.315,105,2009.617,1063.94,945.677,8.646,74.666,71.119,78.168,60.814,57.339,64.223,16.759,14.477,18.625,8.108,6.82,8.852,39.465,10.888,3596.66,46.63,12.953,44.81,58.551,30.897,151.052,192.229,108.46,61.051,81.671,40.363,137.613,177.915,96.112,726.016,3.124
18544,Estimates,United States,USA,Country/Area,1985,18452.2621762151,235.146182,114.836712,120.30947,25.706,95.451,30.377,1.653132,7.041,2.412252,1.026,67.558,3711.74,458.959,15.808,1.835,0.877,26.364,105.2,2058.608,1086.651,971.957,8.767,74.642,71.078,78.173,60.779,57.303,64.199,16.718,14.448,18.577,8.04,6.748,8.785,39.947,10.805,3676.751,47.08,12.851,45.043,59.463,30.395,150.926,192.463,107.552,61.293,82.562,39.892,137.605,178.071,95.543,759.118,3.233
18545,Estimates,United States,USA,Country/Area,1986,19281.619044479,237.51278299999998,116.047278,121.46550500000001,25.965,95.539,30.669,1.636219,6.898,2.32095,0.977,70.946,3714.152,448.396,15.659,1.833,0.877,26.428,105.1,2077.933,1093.865,984.068,8.761,74.722,71.144,78.265,60.83,57.337,64.266,16.812,14.567,18.64,8.114,6.814,8.859,38.6,10.409,3680.451,45.889,12.486,46.528,62.172,30.591,150.226,191.933,106.321,62.851,85.328,40.18,137.237,177.915,94.593,684.733,2.887
18546,Estimates,United States,USA,Country/Area,1987,20242.44682897,239.853168,117.240198,122.61297,26.22,95.618,30.967,1.6822709999999998,7.023,2.3598209999999997,0.984,70.442,3778.718,451.663,15.775,1.867,0.893,26.519,105,2096.447,1098.244,998.203,8.752,74.854,71.312,78.354,60.949,57.492,64.343,16.901,14.68,18.703,8.151,6.864,8.884,38.647,10.255,3744.953,45.937,12.307,46.438,61.818,30.727,149.086,190.066,105.848,62.534,84.871,40.027,136.257,176.203,94.276,677.547,2.828
18547,Estimates,United States,USA,Country/Area,1988,21612.4695400488,242.28781400000003,118.480825,123.806989,26.487,95.698,31.257,1.749951,7.232,2.50947,1.036,66.906,3893.149,476.079,16.089,1.929,0.923,26.541,105,2143.198,1117.54,1025.657,8.857,74.828,71.318,78.301,60.923,57.486,64.303,16.889,14.705,18.66,8.075,6.802,8.803,39.621,10.234,3858.433,46.939,12.266,47.125,62.85,31.008,149.133,189.953,106.143,63.368,86.453,40.065,136.299,176.228,94.402,759.523,3.139
18548,Estimates,United States,USA,Country/Area,1989,23031.1725265551,244.954094,119.849439,125.104655,26.778,95.799,31.527,1.9033520000000002,7.782,2.82309,1.153,60.117,4029.692,504.469,16.476,2.005,0.959,26.537,105,2126.34,1107.469,1018.872,8.694,75.104,71.6,78.562,61.201,57.763,64.574,17.136,14.975,18.874,8.266,6.98,8.994,41.095,10.277,3993.604,48.339,12.259,47.194,63.037,30.94,147.336,188.412,104.299,63.245,86.827,39.422,134.504,174.777,92.462,919.737,3.76
18549,Estimates,United States,USA,Country/Area,1990,24036.8199556108,248.083732,121.451448,126.632284,27.12,95.909,31.781,2.014411,8.14,3.436186,1.385,50.047,4139.325,520.395,16.727,2.069,0.991,26.545,104.9,2124.914,1107.381,1017.533,8.587,75.37,71.85,78.843,61.401,57.955,64.781,17.298,15.128,19.038,8.372,7.054,9.12,39.776,9.679,4104.462,46.649,11.524,46.434,62.685,29.693,144.267,185.033,101.845,62.905,86.69,38.817,132.205,172.082,90.873,1421.775,5.746
18550,Estimates,United States,USA,Country/Area,1991,24479.7438914311,251.560189,123.229931,128.33025800000001,27.5,96.026,32.033,1.947499,7.764,3.516728,1.398,49.581,4094.121,516.079,16.323,2.054,0.986,26.514,104.6,2146.622,1115.857,1030.765,8.559,75.523,72.032,78.966,61.52,58.105,64.868,17.395,15.245,19.117,8.417,7.088,9.173,37.577,9.21,4061.345,44.721,11.085,45.954,62.052,29.346,142.855,183.176,101.201,63.064,86.855,38.942,131.192,170.59,90.664,1569.223,6.256
18551,Estimates,United States,USA,Country/Area,1992,25552.3399147909,255.175339,125.081499,130.09384,27.895,96.147,32.293,1.8970660000000001,7.461,3.713571,1.455,47.639,4050.847,497.7,15.931,2.039,0.978,26.583,105,2153.781,1118.037,1035.743,8.47,75.778,72.324,79.18,61.72,58.329,65.042,17.527,15.403,19.228,8.509,7.166,9.273,35.23,8.705,4020.231,41.978,10.438,44.643,60.31,28.474,140.218,180.242,99.061,62.572,86.526,38.259,129.195,168.448,88.989,1816.509,7.144
18552,Estimates,United States,USA,Country/Area,1993,26503.4606474796,258.77975299999997,126.914111,131.86564199999998,28.289,96.245,32.552,1.743098,6.759,3.495259,1.351,51.306,3990.165,488.339,15.471,2.013,0.965,26.657,105,2247.067,1158.565,1088.502,8.712,75.567,72.171,78.932,61.501,58.165,64.79,17.343,15.292,19.006,8.31,7.018,9.05,33.98,8.523,3960.65,41.01,10.301,45.437,61.345,28.99,141.53,181.939,100.134,63.895,88.159,39.23,130.571,170.258,90.072,1752.153,6.794
18553,Estimates,United States,USA,Country/Area,1994,27784.863995589,262.27358899999996,128.685441,133.588147,28.671,96.33,32.81,1.685722,6.449,3.492411,1.332,52.038,3945.039,488.231,15.093,1.995,0.957,26.734,104.8,2259.317,1161.232,1098.085,8.644,75.738,72.388,79.053,61.638,58.346,64.882,17.464,15.473,19.084,8.363,7.092,9.09,32.339,8.21,3916.951,39.102,9.914,45.011,60.728,28.758,140.186,180.262,99.243,64.174,88.451,39.48,129.637,169.029,89.544,1806.698,6.912
18554,Estimates,United States,USA,Country/Area,1995,28757.5585741076,265.660556,130.409307,135.251249,29.042,96.42,33.066,1.602704,6.052,3.281523,1.235,56.125,3896.07,480.397,14.711,1.972,0.946,26.835,104.9,2293.366,1172.94,1120.426,8.659,75.854,72.584,79.085,61.714,58.5,64.876,17.482,15.542,19.074,8.34,7.096,9.055,30.203,7.766,3869.86,36.579,9.381,43.978,59.114,28.333,138.616,177.769,98.614,63.741,87.594,39.47,128.517,167.008,89.335,1678.815,6.339
18555,Estimates,United States,USA,Country/Area,1996,30013.3524126592,268.984347,132.102704,136.881644,29.405,96.509,33.304,1.594445,5.946,3.366061,1.251,55.407,3891.445,470.785,14.513,1.971,0.947,26.955,104.7,2297,1164.99,1132.011,8.567,76.175,73.071,79.222,62.01,58.957,64.992,17.538,15.645,19.102,8.349,7.125,9.056,29.31,7.552,3865.999,35.258,9.073,40.734,53.746,27.284,132.579,168.451,96.151,59.516,80.403,38.317,122.767,158.005,87.11,1771.618,6.607
18556,Estimates,United States,USA,Country/Area,1997,31489.337938178,272.395438,133.841089,138.55435,29.778,96.598,33.526,1.589299,5.854,3.456121,1.269,54.622,3888.133,469.407,14.321,1.968,0.946,27.047,104.8,2298.834,1156.714,1142.12,8.467,76.498,73.543,79.379,62.312,59.411,65.126,17.606,15.747,19.155,8.356,7.152,9.057,28.755,7.419,3863.162,34.267,8.841,37.988,49.394,26.195,127.092,159.7,94.17,55.708,74.008,37.143,117.513,149.44,85.402,1866.819,6.876
18557,Estimates,United States,USA,Country/Area,1998,32855.933469622,275.835018,135.60833499999998,140.226682,30.154,96.707,33.74,1.623041,5.902,3.423037,1.241,55.854,3945.474,470.427,14.348,1.992,0.958,27.148,104.7,2322.433,1161.434,1160.999,8.446,76.66,73.809,79.433,62.469,59.666,65.183,17.63,15.845,19.122,8.336,7.184,9.008,29.38,7.481,3919.919,34.674,8.853,36.751,47.31,25.833,124.143,155.699,92.347,54.195,71.579,36.526,114.614,145.561,83.543,1799.996,6.546
18558,Estimates,United States,USA,Country/Area,1999,34497.8775659272,279.181581,137.352055,141.82952600000002,30.52,96.843,33.951,1.602137,5.755,3.270091,1.171,59.193,3981.083,463.168,14.3,2.005,0.964,27.253,104.9,2378.946,1181.315,1197.63,8.545,76.672,73.921,79.349,62.463,59.763,65.078,17.577,15.876,19.008,8.231,7.14,8.874,28.935,7.305,3955.916,34.196,8.668,36.086,46.281,25.542,123.647,154.703,92.393,53.98,70.873,36.806,114.332,144.766,83.818,1667.953,5.991
18559,Estimates,United States,USA,Country/Area,2000,36299.5909674523,282.398554,139.026949,143.371604,30.871,96.97,34.154,1.6841869999999999,5.978,3.1638539999999997,1.12,61.888,4074.588,454.704,14.463,2.047,0.984,27.387,104.8,2390.401,1183.982,1206.419,8.485,76.811,74.12,79.43,62.586,59.946,65.141,17.685,16.053,19.054,8.259,7.21,8.882,29.058,7.176,4049.291,34.088,8.474,35.726,45.958,25.124,122.785,153.638,91.722,54.13,71.078,36.854,113.678,143.894,83.369,1479.676,5.252
18560,Estimates,United States,USA,Country/Area,2001,37068.3810042672,285.47049300000003,140.590133,144.88036,31.207,97.039,34.352,1.6442940000000001,5.773,2.980025,1.044,66.393,4047.723,432.7,14.211,2.027,0.976,27.526,104.6,2403.429,1190.525,1212.904,8.438,76.928,74.268,79.522,62.678,60.067,65.211,17.815,16.226,19.152,8.318,7.309,8.92,27.897,6.904,4023.563,33.045,8.222,36.147,46.703,25.193,123.107,153.732,92.223,55.217,72.303,37.759,114.31,144.33,84.138,1335.725,4.69
18561,Estimates,United States,USA,Country/Area,2002,37902.1968047387,288.35025199999995,142.009475,146.340777,31.522,97.04,34.534,1.6109980000000002,5.598,2.7794920000000003,0.964,71.903,4044.209,414.156,14.054,2.02,0.971,27.662,104.8,2433.211,1208.253,1224.958,8.456,77.001,74.351,79.59,62.754,60.157,65.28,17.89,16.333,19.206,8.317,7.321,8.919,28.41,7.023,4019.646,33.307,8.262,36.028,46.55,25.105,122.973,153.842,91.813,55.29,72.155,38.067,114.143,144.381,83.726,1168.499,4.061
18562,Estimates,United States,USA,Country/Area,2003,39354.3920984871,291.10982,143.359093,147.750727,31.824,97.028,34.705,1.664914,5.729,2.739645,0.941,73.661,4103.255,405.858,14.12,2.042,0.982,27.804,104.9,2438.341,1212.034,1226.307,8.391,77.154,74.534,79.715,62.905,60.345,65.394,18.046,16.528,19.333,8.406,7.439,8.995,28.658,7.001,4078.414,33.683,8.259,35.871,46.33,25.027,122.603,153.418,91.532,55.161,71.913,38.076,113.816,143.919,83.58,1074.728,3.698
18563,Estimates,United States,USA,Country/Area,2004,41562.4558754692,293.947885,144.773307,149.174579,32.134,97.05,34.883,1.73607,5.918,2.9364850000000002,0.999,69.384,4127.653,405.282,14.07,2.048,0.985,27.885,104.9,2391.583,1193.067,1198.517,8.152,77.558,74.972,80.075,63.303,60.767,65.761,18.368,16.871,19.631,8.623,7.648,9.218,28.585,6.94,4102.886,33.424,8.143,35.176,45.405,24.579,119.77,149.847,89.477,53.833,69.999,37.354,111.069,140.557,81.469,1200.409,4.092
18564,Estimates,United States,USA,Country/Area,2005,43926.2893033539,296.84267,146.22349400000002,150.619177,32.45,97.082,35.084,1.7236310000000001,5.817,2.853084,0.961,72.128,4165.894,405.111,14.059,2.057,0.989,27.936,104.9,2442.263,1220.482,1221.781,8.242,77.557,74.967,80.094,63.306,60.772,65.777,18.398,16.937,19.641,8.599,7.656,9.179,29.239,7.039,4140.534,34.07,8.234,35.553,46.111,24.598,120.56,151.316,89.513,54.292,70.734,37.518,111.83,141.939,81.543,1129.462,3.812
18565,Estimates,United States,USA,Country/Area,2006,46089.8756082247,299.753098,147.67272599999998,152.080372,32.769,97.102,35.306,1.854509,6.197,2.967772,0.99,70.015,4277.082,419.725,14.292,2.102,1.01,27.936,104.9,2422.573,1215.651,1206.922,8.095,77.839,75.26,80.361,63.577,61.045,66.044,18.664,17.215,19.897,8.783,7.84,9.37,29.761,6.998,4251.197,34.439,8.152,35.685,46.388,24.578,119.675,150.204,88.857,54.127,70.585,37.326,111.103,141.089,80.927,1113.259,3.72
18566,Estimates,United States,USA,Country/Area,2007,47810.2183162712,302.74339899999995,149.14706,153.596338,33.095,97.103,35.528,1.9043130000000001,6.301,3.012829,0.995,69.663,4324.121,432.031,14.307,2.112,1.016,27.947,104.7,2419.808,1218.064,1201.744,8.006,78.1,75.543,80.603,63.844,61.334,66.29,18.855,17.42,20.079,8.913,7.982,9.501,30.17,7.013,4297.898,34.959,8.186,35.143,45.558,24.344,117.745,147.77,87.425,52.757,68.706,36.488,109.119,138.595,79.446,1108.509,3.668
18567,Estimates,United States,USA,Country/Area,2008,48315.6948867745,305.69491,150.592791,155.10211999999999,33.418,97.093,35.734,1.794338,5.88,2.890194,0.945,73.349,4264.295,427.772,13.974,2.068,0.996,28.01,104.8,2469.957,1242.049,1227.909,8.094,78.196,75.693,80.649,63.911,61.455,66.309,18.858,17.459,20.06,8.907,8.021,9.479,28.791,6.765,4239.362,33.542,7.919,33.913,44.05,23.418,116.15,145.647,86.34,51.54,66.813,35.977,107.865,136.819,78.691,1095.864,3.591
18568,Estimates,United States,USA,Country/Area,2009,46928.6943700592,308.51203499999997,151.968684,156.543351,33.726,97.078,35.915,1.713044,5.562,2.7440569999999997,0.889,77.969,4150.728,407.045,13.476,2,0.963,28.123,104.8,2437.684,1234.046,1203.638,7.914,78.564,76.082,80.987,64.259,61.823,66.628,19.189,17.769,20.407,9.169,8.263,9.766,27.096,6.533,4127.304,31.572,7.618,33.119,42.54,23.39,115.109,143.543,86.441,50.746,65.141,36.112,107.082,134.978,79.041,1031.01,3.347
18569,Estimates,United States,USA,Country/Area,2010,48360.5386408753,311.182845,153.27286600000002,157.909979,34.018,97.063,36.063,1.566832,5.044,2.597562,0.835,83.012,4036.757,370.39,12.994,1.932,0.931,28.308,104.8,2469.925,1250.579,1219.345,7.95,78.772,76.325,81.166,64.432,62.028,66.776,19.252,17.851,20.461,9.181,8.306,9.775,24.964,6.185,4015.207,29.315,7.246,32.003,41.153,22.56,112.221,140.009,84.22,49.009,63.054,34.742,104.593,131.876,77.179,1030.731,3.318
18570,Estimates,United States,USA,Country/Area,2011,49700.2025713238,313.87660800000003,154.669482,159.207127,34.312,97.15,36.183,1.467535,4.685,2.789965,0.889,77.969,3986.301,334.214,12.727,1.894,0.912,28.498,104.9,2518.766,1274.677,1244.089,8.042,78.82,76.41,81.182,64.47,62.102,66.784,19.313,17.952,20.494,9.19,8.359,9.77,24.077,6.036,3965.541,28.356,7.086,32.115,41.307,22.629,112.619,140.148,84.87,49.175,63.054,35.07,105.106,132.145,77.926,1322.433,4.222
18571,Estimates,United States,USA,Country/Area,2012,51330.8138070266,316.651321,156.181261,160.47006,34.616,97.327,36.288,1.4360840000000001,4.545,2.7594600000000002,0.871,79.581,3982.539,307.044,12.604,1.878,0.905,28.642,104.7,2546.455,1294.294,1252.161,8.059,78.944,76.54,81.31,64.587,62.224,66.904,19.431,18.079,20.611,9.277,8.465,9.855,23.847,5.981,3961.989,28.118,7.032,31.925,41.087,22.453,112.022,139.245,84.532,48.568,62.267,34.607,104.607,131.337,77.687,1323.368,4.188
18572,Estimates,United States,USA,Country/Area,2013,52737.9639780759,319.37516600000004,157.662345,161.712821,34.914,97.495,36.385,1.3674000000000002,4.291,2.68823,0.842,82.322,3966.458,276.866,12.446,1.856,0.894,28.797,104.9,2599.058,1328.05,1271.008,8.155,78.951,76.545,81.33,64.587,62.224,66.916,19.446,18.088,20.64,9.3,8.492,9.889,23.501,5.918,3946.21,27.616,6.934,31.836,40.914,22.434,112.169,139.141,84.852,48.571,62.211,34.636,104.826,131.294,78.092,1320.84,4.144
18573,Estimates,United States,USA,Country/Area,2014,54499.490618946,322.03396399999997,159.10371700000002,162.930247,35.204,97.651,36.479,1.3784459999999998,4.289,2.629365,0.816,84.945,4003.811,250.949,12.457,1.859,0.896,28.972,104.8,2625.365,1349.757,1275.608,8.168,79.017,76.604,81.414,64.642,62.27,66.99,19.575,18.202,20.789,9.426,8.619,10.024,23.345,5.832,3983.673,27.207,6.789,32.271,41.538,22.659,113.011,139.598,86.005,49.131,62.745,35.176,105.813,131.902,79.382,1250.914,3.892
18574,Estimates,United States,USA,Country/Area,2015,56086.2195734954,324.607776,160.493394,164.114383,35.486,97.794,36.586,1.2964010000000001,4.002,2.518261,0.776,89.323,3995.991,229.079,12.334,1.842,0.887,29.132,104.8,2699.59,1392.481,1307.108,8.332,78.869,76.442,81.296,64.502,62.114,66.882,19.531,18.181,20.731,9.389,8.614,9.968,23.452,5.867,3975.771,27.471,6.863,33.982,43.941,23.636,114.914,142.107,87.174,50.867,65.272,36.044,107.621,134.338,80.431,1221.849,3.771
18575,Estimates,United States,USA,Country/Area,2016,57134.8512799103,327.210198,161.895324,165.314874,35.77,97.931,36.711,1.237217,3.79,2.686582,0.821,84.427,3957.371,208.71,12.122,1.813,0.872,29.308,104.7,2720.154,1416.102,1304.052,8.332,78.848,76.352,81.357,64.48,62.02,66.948,19.693,18.327,20.912,9.556,8.78,10.138,23.125,5.832,3937.466,27.204,6.843,36.383,47.3,25.021,117.913,146.215,88.897,53.891,69.692,37.566,110.646,138.535,82.112,1449.371,4.44
18576,Estimates,United States,USA,Country/Area,2017,59059.5964026709,329.79123100000004,163.282016,166.50921400000001,36.052,98.062,36.863,1.097856,3.337,2.475483,0.751,92.297,3869.955,194.524,11.761,1.76,0.847,29.42,104.8,2772.099,1449.734,1322.365,8.424,78.821,76.311,81.358,64.442,61.974,66.931,19.682,18.324,20.903,9.541,8.773,10.13,22.207,5.714,3850.89,26.114,6.681,36.832,48.081,25.11,118.172,146.898,88.625,54.664,70.929,37.826,111.029,139.267,82.048,1377.63,4.187
18577,Estimates,United States,USA,Country/Area,2018,61820.4844723372,332.140037,164.53832,167.601717,36.309,98.172,37.049,1.021336,3.081,2.222131,0.669,103.609,3801.511,181.144,11.468,1.718,0.827,29.539,104.6,2780.175,1463.421,1316.754,8.387,78.99,76.473,81.54,64.598,62.124,67.098,19.785,18.411,21.026,9.648,8.897,10.224,21.303,5.576,3783.242,25.164,6.533,35.922,46.672,24.72,116.47,145.045,87.047,53.752,69.702,37.239,109.473,137.543,80.633,1200.796,3.622
18578,Estimates,United States,USA,Country/Area,2019,63953.6882052029,334.31967099999997,165.69883,168.62084,36.547,98.267,37.254,0.978682,2.933,2.1371350000000002,0.639,108.474,3756.83,175.246,11.258,1.689,0.813,29.598,104.7,2778.148,1472.281,1305.867,8.325,79.138,76.598,81.719,64.742,62.24,67.279,19.948,18.564,21.202,9.787,9.035,10.367,20.877,5.535,3738.909,24.595,6.466,36.032,46.892,24.71,116.089,145.123,86.125,54.135,70.501,37.172,109.152,137.742,79.704,1158.444,3.472
18579,Estimates,United States,USA,Country/Area,2020,62690.8032098624,335.942003,166.50440700000001,169.437597,36.725,98.269,37.467,0.43197199999999997,1.288,1.107531,0.33,...,3670.49,169.738,10.939,1.643,0.79,29.614,104.7,3238.518,1739.678,1498.84,9.651,77.414,74.642,80.308,63,60.264,65.85,18.778,17.338,20.119,9.017,8.272,9.605,20.159,5.463,3653.213,23.773,6.382,41.225,54.542,27.305,132.174,167.197,95.682,64.027,84.533,42.669,125.412,160.022,89.413,675.56,2.013
18580,Estimates,United States,USA,Country/Area,2021,69184.7044001711,336.99762400000003,166.941641,170.055983,36.84,98.169,37.683,0.44214,1.313,1.00371,0.298,...,3722.822,171.877,11.056,1.662,0.798,29.602,104.8,3280.682,1787.492,1493.191,9.743,77.198,74.3,80.238,62.769,59.902,65.771,19.047,17.512,20.48,9.524,8.644,10.225,20.038,5.391,3705.532,23.529,6.298,42.881,56.739,28.385,143.303,179.295,105.781,65.918,86.181,44.796,136.787,172.437,99.682,561.58,1.668
